plate_file,Sample_no,Sample_name,ID,Pre/Post_hormone,Year,Month,Day,Notes
C:/Users/MBall/OneDrive - UW/Documents/WADE LAB/SRKW/metadata/Plate1/SRKW_Diet_Plate1_MetaData.csv,1,F21SEP11_01B_S1,K16,Pre,2021,Sep,11,NA
C:/Users/MBall/OneDrive - UW/Documents/WADE LAB/SRKW/metadata/Plate1/SRKW_Diet_Plate1_MetaData.csv,2,F22MAY30_05A_S2,J51,Pre,2022,May,30,NA
C:/Users/MBall/OneDrive - UW/Documents/WADE LAB/SRKW/metadata/Plate1/SRKW_Diet_Plate1_MetaData.csv,3,F22MAY30_05B_S3,NA,Pre,2022,May,30,"Not run for ID, but was subsample of F22MAY30_05A_S2"
C:/Users/MBall/OneDrive - UW/Documents/WADE LAB/SRKW/metadata/Plate1/SRKW_Diet_Plate1_MetaData.csv,4,F22SEP06_01C_S4,J51,Pre,2022,Sep,6,NA
C:/Users/MBall/OneDrive - UW/Documents/WADE LAB/SRKW/metadata/Plate1/SRKW_Diet_Plate1_MetaData.csv,5,10Nov2022_3_Post_S5,L105,Post,2022,Nov,10,NA
C:/Users/MBall/OneDrive - UW/Documents/WADE LAB/SRKW/metadata/Plate1/SRKW_Diet_Plate1_MetaData.csv,6,F23JUL01_03A_S6,J56,Pre,2023,Jul,1,NA
C:/Users/MBall/OneDrive - UW/Documents/WADE LAB/SRKW/metadata/Plate1/SRKW_Diet_Plate1_MetaData.csv,7,F23JUL01_05B_S7,J26,Pre,2023,Jul,1,NA
C:/Users/MBall/OneDrive - UW/Documents/WADE LAB/SRKW/metadata/Plate1/SRKW_Diet_Plate1_MetaData.csv,8,F23JUL01_06A_S8,J26,Pre,2023,Jul,1,NA
C:/Users/MBall/OneDrive - UW/Documents/WADE LAB/SRKW/metadata/Plate1/SRKW_Diet_Plate1_MetaData.csv,9,F23AUG17_02B_S9,J56,Pre,2023,Aug,17,NA
C:/Users/MBall/OneDrive - UW/Documents/WADE LAB/SRKW/metadata/Plate1/SRKW_Diet_Plate1_MetaData.csv,10,F24MAR22_01A_Post_S10,J39,Post,2024,Mar,22,NA
C:/Users/MBall/OneDrive - UW/Documents/WADE LAB/SRKW/metadata/Plate1/SRKW_Diet_Plate1_MetaData.csv,11,F24MAY27_02A_S11,J37,Pre,2024,May,27,NA
C:/Users/MBall/OneDrive - UW/Documents/WADE LAB/SRKW/metadata/Plate1/SRKW_Diet_Plate1_MetaData.csv,12,F24MAY27_02A_Post_S12,J37,Post,2024,May,27,NA
C:/Users/MBall/OneDrive - UW/Documents/WADE LAB/SRKW/metadata/Plate1/SRKW_Diet_Plate1_MetaData.csv,13,F24MAY27_03A_S13,J16,Pre,2024,May,27,NA
C:/Users/MBall/OneDrive - UW/Documents/WADE LAB/SRKW/metadata/Plate1/SRKW_Diet_Plate1_MetaData.csv,14,F24JUN01_01C_S14,J39,Pre,2024,Jun,1,NA
C:/Users/MBall/OneDrive - UW/Documents/WADE LAB/SRKW/metadata/Plate1/SRKW_Diet_Plate1_MetaData.csv,15,F24JUN01_01C_Post_S15,J39,Post,2024,Jun,1,NA
C:/Users/MBall/OneDrive - UW/Documents/WADE LAB/SRKW/metadata/Plate1/SRKW_Diet_Plate1_MetaData.csv,16,F24JUN01_02A_Post_S16,J53,Post,2024,Jun,1,NA
C:/Users/MBall/OneDrive - UW/Documents/WADE LAB/SRKW/metadata/Plate1/SRKW_Diet_Plate1_MetaData.csv,17,F24JUN21_01A_Post_S17,J47,Post,2024,Jun,21,NA
C:/Users/MBall/OneDrive - UW/Documents/WADE LAB/SRKW/metadata/Plate1/SRKW_Diet_Plate1_MetaData.csv,18,F24Aug21_01AB_Post_S18,J27,Post,2024,Aug,21,NA
C:/Users/MBall/OneDrive - UW/Documents/WADE LAB/SRKW/metadata/Plate1/SRKW_Diet_Plate1_MetaData.csv,19,F24OCT29_01A_S19,K42,Pre,2024,Oct,29,NA
C:/Users/MBall/OneDrive - UW/Documents/WADE LAB/SRKW/metadata/Plate1/SRKW_Diet_Plate1_MetaData.csv,20,F24OCT29_06B_S20,K20,Pre,2024,Oct,29,NA
C:/Users/MBall/OneDrive - UW/Documents/WADE LAB/SRKW/metadata/Plate1/SRKW_Diet_Plate1_MetaData.csv,21,F24OCT29_06B_Post_S21,K20,Post,2024,Oct,29,NA
C:/Users/MBall/OneDrive - UW/Documents/WADE LAB/SRKW/metadata/Plate1/SRKW_Diet_Plate1_MetaData.csv,22,F24OCT29_07A_S22,L47,Pre,2024,Oct,29,NA
C:/Users/MBall/OneDrive - UW/Documents/WADE LAB/SRKW/metadata/Plate1/SRKW_Diet_Plate1_MetaData.csv,23,F24NOV06_01A_Post_S23,J16,Post,2024,Nov,6,NA
C:/Users/MBall/OneDrive - UW/Documents/WADE LAB/SRKW/metadata/Plate1/SRKW_Diet_Plate1_MetaData.csv,24,23Dec2023_4_S24,NA,Pre,2023,Dec,23,NA
C:/Users/MBall/OneDrive - UW/Documents/WADE LAB/SRKW/metadata/Plate1/SRKW_Diet_Plate1_MetaData.csv,25,06Oct2024_3_S25,J27,Pre,2024,Oct,6,NA
C:/Users/MBall/OneDrive - UW/Documents/WADE LAB/SRKW/metadata/Plate1/SRKW_Diet_Plate1_MetaData.csv,26,06Oct2024_3_Post_S26,J27,Post,2024,Oct,6,NA
C:/Users/MBall/OneDrive - UW/Documents/WADE LAB/SRKW/metadata/Plate1/SRKW_Diet_Plate1_MetaData.csv,27,06Oct2024_4_Post_S27,J26,Post,2024,Oct,6,NA
C:/Users/MBall/OneDrive - UW/Documents/WADE LAB/SRKW/metadata/Plate1/SRKW_Diet_Plate1_MetaData.csv,28,07Oct2024_1_S28,J40,Pre,2024,Oct,7,NA
C:/Users/MBall/OneDrive - UW/Documents/WADE LAB/SRKW/metadata/Plate1/SRKW_Diet_Plate1_MetaData.csv,29,F24JUL24_01A_S29,J40,Pre,2024,Jul,24,NA
C:/Users/MBall/OneDrive - UW/Documents/WADE LAB/SRKW/metadata/Plate1/SRKW_Diet_Plate1_MetaData.csv,30,F24JUL27_01A_Post_S30,J27,Post,2024,Jul,27,NA
C:/Users/MBall/OneDrive - UW/Documents/WADE LAB/SRKW/metadata/Plate1/SRKW_Diet_Plate1_MetaData.csv,31,F24AUG20_01A_S31,L110,Pre,2024,Aug,20,NA
C:/Users/MBall/OneDrive - UW/Documents/WADE LAB/SRKW/metadata/Plate1/SRKW_Diet_Plate1_MetaData.csv,32,F23JUL01_01A_S32,J42,Pre,2023,Jul,1,NA
C:/Users/MBall/OneDrive - UW/Documents/WADE LAB/SRKW/metadata/Plate1/SRKW_Diet_Plate1_MetaData.csv,33,F23AUG17_02A_S33,J56,Pre,2023,Aug,17,NA
C:/Users/MBall/OneDrive - UW/Documents/WADE LAB/SRKW/metadata/Plate1/SRKW_Diet_Plate1_MetaData.csv,34,F23AUG17_03A_S34,J31,Pre,2023,Aug,17,NA
C:/Users/MBall/OneDrive - UW/Documents/WADE LAB/SRKW/metadata/Plate1/SRKW_Diet_Plate1_MetaData.csv,35,M22JUN22_03A_S35,L113,Pre,2022,Jun,22,NA
C:/Users/MBall/OneDrive - UW/Documents/WADE LAB/SRKW/metadata/Plate1/SRKW_Diet_Plate1_MetaData.csv,36,F22JUL29_01A_S36,L121,Pre,2022,Jul,29,NA
C:/Users/MBall/OneDrive - UW/Documents/WADE LAB/SRKW/metadata/Plate1/SRKW_Diet_Plate1_MetaData.csv,37,F22JUL22_01B_S37,L83,Pre,2022,Jul,22,NA
C:/Users/MBall/OneDrive - UW/Documents/WADE LAB/SRKW/metadata/Plate1/SRKW_Diet_Plate1_MetaData.csv,38,F21SEP09_01B_S38,K43,Pre,2021,Sep,9,NA
C:/Users/MBall/OneDrive - UW/Documents/WADE LAB/SRKW/metadata/Plate1/SRKW_Diet_Plate1_MetaData.csv,39,F21SEP15_01A_S39,K33,Pre,2021,Sep,15,NA
C:/Users/MBall/OneDrive - UW/Documents/WADE LAB/SRKW/metadata/Plate1/SRKW_Diet_Plate1_MetaData.csv,40,F23SEP11_01B_S40,J49,Pre,2023,Sep,11,NA
C:/Users/MBall/OneDrive - UW/Documents/WADE LAB/SRKW/metadata/Plate1/SRKW_Diet_Plate1_MetaData.csv,41,TU22JUN19_01A_S41,NOT KW SAMPLE,Pre,2022,Jun,19,NA
C:/Users/MBall/OneDrive - UW/Documents/WADE LAB/SRKW/metadata/Plate1/SRKW_Diet_Plate1_MetaData.csv,42,F21SEP12_01C_K33_S42,K33,Pre,2021,Sep,12,NA
C:/Users/MBall/OneDrive - UW/Documents/WADE LAB/SRKW/metadata/Plate1/SRKW_Diet_Plate1_MetaData.csv,43,PosCon_S43,Mock5,NA,NA,NA,NA,NA
C:/Users/MBall/OneDrive - UW/Documents/WADE LAB/SRKW/metadata/Plate1/SRKW_Diet_Plate1_MetaData.csv,44,NegCon_S44,Neg,NA,NA,NA,NA,NA
C:/Users/MBall/OneDrive - UW/Documents/WADE LAB/SRKW/metadata/Plate1/SRKW_Diet_Plate1_MetaData.csv,45,F22SEP06_01C_S45,J51,Pre,2022,Sep,6,NA
C:/Users/MBall/OneDrive - UW/Documents/WADE LAB/SRKW/metadata/Plate1/SRKW_Diet_Plate1_MetaData.csv,46,F22SEP06_02A_S46,J51,Pre,2022,Sep,6,NA
C:/Users/MBall/OneDrive - UW/Documents/WADE LAB/SRKW/metadata/Plate2/SRKW_Diet_Plate2_MetaData.csv,1,F22JUL24.03A-Post,J40,NA,2022,Jul,24,NA
C:/Users/MBall/OneDrive - UW/Documents/WADE LAB/SRKW/metadata/Plate2/SRKW_Diet_Plate2_MetaData.csv,2,F22AUG05.01A-Post,J19,NA,2022,Aug,5,NA
C:/Users/MBall/OneDrive - UW/Documents/WADE LAB/SRKW/metadata/Plate2/SRKW_Diet_Plate2_MetaData.csv,3,F22SEP06.01A-Post,J51,NA,2022,Sep,6,NA
C:/Users/MBall/OneDrive - UW/Documents/WADE LAB/SRKW/metadata/Plate2/SRKW_Diet_Plate2_MetaData.csv,4,F23JUL01.01A-Post,J42,NA,2023,Jul,1,NA
C:/Users/MBall/OneDrive - UW/Documents/WADE LAB/SRKW/metadata/Plate2/SRKW_Diet_Plate2_MetaData.csv,5,13Sept2025.1,J53,NA,2025,Sep,13,NA
C:/Users/MBall/OneDrive - UW/Documents/WADE LAB/SRKW/metadata/Plate2/SRKW_Diet_Plate2_MetaData.csv,6,15Sept2025.3,J53,NA,2025,Sep,16,NA
C:/Users/MBall/OneDrive - UW/Documents/WADE LAB/SRKW/metadata/Plate2/SRKW_Diet_Plate2_MetaData.csv,7,16Sept2025.2,J26,NA,2025,Sep,16,NA
C:/Users/MBall/OneDrive - UW/Documents/WADE LAB/SRKW/metadata/Plate2/SRKW_Diet_Plate2_MetaData.csv,8,16Sept2025.3,J57,NA,2025,Sep,16,NA
C:/Users/MBall/OneDrive - UW/Documents/WADE LAB/SRKW/metadata/Plate2/SRKW_Diet_Plate2_MetaData.csv,9,16Sept2025.4,J40,NA,2025,Sep,16,NA
C:/Users/MBall/OneDrive - UW/Documents/WADE LAB/SRKW/metadata/Plate2/SRKW_Diet_Plate2_MetaData.csv,10,F18SEP23.2,J26,NA,2018,Sep,23,NA
C:/Users/MBall/OneDrive - UW/Documents/WADE LAB/SRKW/metadata/Plate2/SRKW_Diet_Plate2_MetaData.csv,11,F18SEP23.3,J26,NA,2018,Sep,23,NA
C:/Users/MBall/OneDrive - UW/Documents/WADE LAB/SRKW/metadata/Plate2/SRKW_Diet_Plate2_MetaData.csv,12,F22JUL29.01C,L121,NA,2022,Jul,29,NA
C:/Users/MBall/OneDrive - UW/Documents/WADE LAB/SRKW/metadata/Plate2/SRKW_Diet_Plate2_MetaData.csv,13,F23SEP11.01B,J49,NA,2023,Sep,11,NA
C:/Users/MBall/OneDrive - UW/Documents/WADE LAB/SRKW/metadata/Plate2/SRKW_Diet_Plate2_MetaData.csv,14,F25APR16.01A-Post,J41,NA,2025,Apr,16,NA
C:/Users/MBall/OneDrive - UW/Documents/WADE LAB/SRKW/metadata/Plate2/SRKW_Diet_Plate2_MetaData.csv,15,F25SEP08.02A-Post,J40,NA,2025,Sep,8,NA
C:/Users/MBall/OneDrive - UW/Documents/WADE LAB/SRKW/metadata/Plate2/SRKW_Diet_Plate2_MetaData.csv,16,F25SEP08.03A,J40,Pre,2025,Sep,8,NA
C:/Users/MBall/OneDrive - UW/Documents/WADE LAB/SRKW/metadata/Plate2/SRKW_Diet_Plate2_MetaData.csv,17,F25SEP08.03A-Post,J40,Post,2025,Sep,8,NA
C:/Users/MBall/OneDrive - UW/Documents/WADE LAB/SRKW/metadata/Plate2/SRKW_Diet_Plate2_MetaData.csv,18,F25NOV10.01A-Post,J56,NA,2025,Nov,10,NA
C:/Users/MBall/OneDrive - UW/Documents/WADE LAB/SRKW/metadata/Plate2/SRKW_Diet_Plate2_MetaData.csv,19,F25NOV10.01B-Post,J56,NA,2025,Nov,10,NA
C:/Users/MBall/OneDrive - UW/Documents/WADE LAB/SRKW/metadata/Plate2/SRKW_Diet_Plate2_MetaData.csv,20,F25NOV10.02A,J56,Pre,2025,Nov,10,NA
C:/Users/MBall/OneDrive - UW/Documents/WADE LAB/SRKW/metadata/Plate2/SRKW_Diet_Plate2_MetaData.csv,21,F25NOV10.02A-Post,J56,Post,2025,Nov,10,NA
C:/Users/MBall/OneDrive - UW/Documents/WADE LAB/SRKW/metadata/Plate2/SRKW_Diet_Plate2_MetaData.csv,22,F25NOV11.01A-Post,J27,NA,2025,Nov,11,NA
C:/Users/MBall/OneDrive - UW/Documents/WADE LAB/SRKW/metadata/Plate2/SRKW_Diet_Plate2_MetaData.csv,23,F25NOV11.02A-Post,J27,NA,2025,Nov,11,NA
C:/Users/MBall/OneDrive - UW/Documents/WADE LAB/SRKW/metadata/Plate2/SRKW_Diet_Plate2_MetaData.csv,24,F25Sept08.03MS,J40,NA,2025,Sep,8,NA
C:/Users/MBall/OneDrive - UW/Documents/WADE LAB/SRKW/metadata/Plate2/SRKW_Diet_Plate2_MetaData.csv,25,F25Sept16.01MS,J39,Pre,2025,Sep,16,NA
C:/Users/MBall/OneDrive - UW/Documents/WADE LAB/SRKW/metadata/Plate2/SRKW_Diet_Plate2_MetaData.csv,26,F25Sept16.01MS-Post,J39,Post,2025,Sep,16,NA
C:/Users/MBall/OneDrive - UW/Documents/WADE LAB/SRKW/metadata/Plate2/SRKW_Diet_Plate2_MetaData.csv,27,F25SEP16.02MS-Post,J26,NA,2025,Sep,16,NA
C:/Users/MBall/OneDrive - UW/Documents/WADE LAB/SRKW/metadata/Plate2/SRKW_Diet_Plate2_MetaData.csv,28,F25NOV02.01MS-Post,NA,NA,2025,Nov,2,NA
C:/Users/MBall/OneDrive - UW/Documents/WADE LAB/SRKW/metadata/Plate2/SRKW_Diet_Plate2_MetaData.csv,29,NegCon,NA,NA,NA,NA,NA,NA
C:/Users/MBall/OneDrive - UW/Documents/WADE LAB/SRKW/metadata/Plate2/SRKW_Diet_Plate2_MetaData.csv,30,F25NOV08.01.MS-Post,J49,NA,2025,Nov,8,NA
C:/Users/MBall/OneDrive - UW/Documents/WADE LAB/SRKW/metadata/Plate2/SRKW_Diet_Plate2_MetaData.csv,31,F25Nov10.01MS-Post,J56,NA,2025,Nov,10,NA
C:/Users/MBall/OneDrive - UW/Documents/WADE LAB/SRKW/metadata/Plate2/SRKW_Diet_Plate2_MetaData.csv,32,F25DEC23.03MS,K33,NA,2025,Dec,23,NA
C:/Users/MBall/OneDrive - UW/Documents/WADE LAB/SRKW/metadata/Plate2/SRKW_Diet_Plate2_MetaData.csv,33,F26JAN13.04MS,K12,NA,2026,Jan,13,NA
C:/Users/MBall/OneDrive - UW/Documents/WADE LAB/SRKW/metadata/Plate2/SRKW_Diet_Plate2_MetaData.csv,34,F26JAN13.07MS-Post,J53,NA,2026,Jan,13,NA
C:/Users/MBall/OneDrive - UW/Documents/WADE LAB/SRKW/metadata/Plate2/SRKW_Diet_Plate2_MetaData.csv,35,F26JAN13.08.MS,J57,Pre,2026,Jan,13,NA
C:/Users/MBall/OneDrive - UW/Documents/WADE LAB/SRKW/metadata/Plate2/SRKW_Diet_Plate2_MetaData.csv,36,F26JAN13.08.MS-Post,J57,Post,2026,Jan,13,NA
C:/Users/MBall/OneDrive - UW/Documents/WADE LAB/SRKW/metadata/Plate2/SRKW_Diet_Plate2_MetaData.csv,37,F20July14.03,J53,NA,2020,Jul,14,NA
C:/Users/MBall/OneDrive - UW/Documents/WADE LAB/SRKW/metadata/Plate2/SRKW_Diet_Plate2_MetaData.csv,38,F20Mar09.01A,J40,NA,2020,Mar,9,NA
C:/Users/MBall/OneDrive - UW/Documents/WADE LAB/SRKW/metadata/Plate2/SRKW_Diet_Plate2_MetaData.csv,39,F20Sept03.02,J31,NA,2020,Sep,3,NA
C:/Users/MBall/OneDrive - UW/Documents/WADE LAB/SRKW/metadata/Plate2/SRKW_Diet_Plate2_MetaData.csv,40,F20Sept03.04,J16,NA,2020,Sep,3,NA
C:/Users/MBall/OneDrive - UW/Documents/WADE LAB/SRKW/metadata/Plate2/SRKW_Diet_Plate2_MetaData.csv,41,F20Sept11.01,K44,NA,2020,Sep,11,NA
C:/Users/MBall/OneDrive - UW/Documents/WADE LAB/SRKW/metadata/Plate2/SRKW_Diet_Plate2_MetaData.csv,42,F23JUL01.04A-Lys,J42,NA,2023,Jul,1,NA
C:/Users/MBall/OneDrive - UW/Documents/WADE LAB/SRKW/metadata/Plate2/SRKW_Diet_Plate2_MetaData.csv,43,F23JUL03.03A-Lys,NA,NA,2023,Jul,3,NA
C:/Users/MBall/OneDrive - UW/Documents/WADE LAB/SRKW/metadata/Plate3/SRKW_Diet_Plate3_MetaData.csv,1,2007Sept11.02A,L101,Pre,2007,Sep,11,NA
C:/Users/MBall/OneDrive - UW/Documents/WADE LAB/SRKW/metadata/Plate3/SRKW_Diet_Plate3_MetaData.csv,2,2007Nov05.07B,J27,Pre,2007,Nov,5,NA
C:/Users/MBall/OneDrive - UW/Documents/WADE LAB/SRKW/metadata/Plate3/SRKW_Diet_Plate3_MetaData.csv,3,43,J26,Pre,2007,NA,NA,NA
C:/Users/MBall/OneDrive - UW/Documents/WADE LAB/SRKW/metadata/Plate3/SRKW_Diet_Plate3_MetaData.csv,4,48,J19,Pre,2007,NA,NA,NA
C:/Users/MBall/OneDrive - UW/Documents/WADE LAB/SRKW/metadata/Plate3/SRKW_Diet_Plate3_MetaData.csv,5,53,J42_J36,Pre,2007,NA,NA,NA
C:/Users/MBall/OneDrive - UW/Documents/WADE LAB/SRKW/metadata/Plate3/SRKW_Diet_Plate3_MetaData.csv,6,54,K21,Pre,2007,NA,NA,NA
C:/Users/MBall/OneDrive - UW/Documents/WADE LAB/SRKW/metadata/Plate3/SRKW_Diet_Plate3_MetaData.csv,7,2007Sept6.10B,L101,Pre,2007,Sep,6,NA
C:/Users/MBall/OneDrive - UW/Documents/WADE LAB/SRKW/metadata/Plate3/SRKW_Diet_Plate3_MetaData.csv,8,57,NA,Pre,2007,NA,NA,NA
C:/Users/MBall/OneDrive - UW/Documents/WADE LAB/SRKW/metadata/Plate3/SRKW_Diet_Plate3_MetaData.csv,9,F08MAY22.1,J30,Pre,2008,May,22,NA
C:/Users/MBall/OneDrive - UW/Documents/WADE LAB/SRKW/metadata/Plate3/SRKW_Diet_Plate3_MetaData.csv,10,F08May28.2,J8,Pre,2008,May,28,NA
C:/Users/MBall/OneDrive - UW/Documents/WADE LAB/SRKW/metadata/Plate3/SRKW_Diet_Plate3_MetaData.csv,11,F08July06.2,K33,Pre,2008,Jul,6,NA
C:/Users/MBall/OneDrive - UW/Documents/WADE LAB/SRKW/metadata/Plate3/SRKW_Diet_Plate3_MetaData.csv,12,F08Aug4.2,J32,Pre,2008,Aug,4,NA
C:/Users/MBall/OneDrive - UW/Documents/WADE LAB/SRKW/metadata/Plate3/SRKW_Diet_Plate3_MetaData.csv,13,F08Aug7.1,J1,Pre,2008,Aug,7,NA
C:/Users/MBall/OneDrive - UW/Documents/WADE LAB/SRKW/metadata/Plate3/SRKW_Diet_Plate3_MetaData.csv,14,F08Aug30.1,L106,Pre,2008,Aug,30,NA
C:/Users/MBall/OneDrive - UW/Documents/WADE LAB/SRKW/metadata/Plate3/SRKW_Diet_Plate3_MetaData.csv,15,F08Aug30.2a,J30,Pre,2008,Aug,30,NA
C:/Users/MBall/OneDrive - UW/Documents/WADE LAB/SRKW/metadata/Plate3/SRKW_Diet_Plate3_MetaData.csv,16,08Dec2.7,J2,Pre,2008,Dec,2,NA
C:/Users/MBall/OneDrive - UW/Documents/WADE LAB/SRKW/metadata/Plate3/SRKW_Diet_Plate3_MetaData.csv,17,F08June30.2,K26,Pre,2008,Jun,30,NA
C:/Users/MBall/OneDrive - UW/Documents/WADE LAB/SRKW/metadata/Plate3/SRKW_Diet_Plate3_MetaData.csv,18,F08July20.6,NA,Pre,2008,Jul,20,NA
C:/Users/MBall/OneDrive - UW/Documents/WADE LAB/SRKW/metadata/Plate3/SRKW_Diet_Plate3_MetaData.csv,19,09May15.12B,J30,Pre,2009,May,15,NA
C:/Users/MBall/OneDrive - UW/Documents/WADE LAB/SRKW/metadata/Plate3/SRKW_Diet_Plate3_MetaData.csv,20,09May15.14B,J32,Pre,2009,May,15,NA
C:/Users/MBall/OneDrive - UW/Documents/WADE LAB/SRKW/metadata/Plate3/SRKW_Diet_Plate3_MetaData.csv,21,09May15.15B,J2,Pre,2009,May,15,NA
C:/Users/MBall/OneDrive - UW/Documents/WADE LAB/SRKW/metadata/Plate3/SRKW_Diet_Plate3_MetaData.csv,22,F09July21.2,K11,Pre,2009,Jul,21,NA
C:/Users/MBall/OneDrive - UW/Documents/WADE LAB/SRKW/metadata/Plate3/SRKW_Diet_Plate3_MetaData.csv,23,F09July21.3a,K40,Pre,2009,Jul,21,NA
C:/Users/MBall/OneDrive - UW/Documents/WADE LAB/SRKW/metadata/Plate3/SRKW_Diet_Plate3_MetaData.csv,24,F09July23.1,J31,Pre,2009,Jul,23,NA
C:/Users/MBall/OneDrive - UW/Documents/WADE LAB/SRKW/metadata/Plate3/SRKW_Diet_Plate3_MetaData.csv,25,F09July28.10b(No,L73,Pre,2009,Jul,28,NA
C:/Users/MBall/OneDrive - UW/Documents/WADE LAB/SRKW/metadata/Plate3/SRKW_Diet_Plate3_MetaData.csv,26,09July29.1b,L84,Pre,2009,Jul,29,NA
C:/Users/MBall/OneDrive - UW/Documents/WADE LAB/SRKW/metadata/Plate3/SRKW_Diet_Plate3_MetaData.csv,27,09July29.3b,J34,Pre,2009,Jul,29,NA
C:/Users/MBall/OneDrive - UW/Documents/WADE LAB/SRKW/metadata/Plate3/SRKW_Diet_Plate3_MetaData.csv,28,09July29.6b,K21,Pre,2009,Jul,29,NA
C:/Users/MBall/OneDrive - UW/Documents/WADE LAB/SRKW/metadata/Plate3/SRKW_Diet_Plate3_MetaData.csv,29,F09Aug8.1b_No_tha,L41,Pre,2009,Aug,8,NA
C:/Users/MBall/OneDrive - UW/Documents/WADE LAB/SRKW/metadata/Plate3/SRKW_Diet_Plate3_MetaData.csv,30,N09Sept10.9,L103,Pre,2009,Sep,10,NA
C:/Users/MBall/OneDrive - UW/Documents/WADE LAB/SRKW/metadata/Plate3/SRKW_Diet_Plate3_MetaData.csv,31,F09Sept11.2a,K22,Pre,2009,Sep,11,NA
C:/Users/MBall/OneDrive - UW/Documents/WADE LAB/SRKW/metadata/Plate3/SRKW_Diet_Plate3_MetaData.csv,32,N09Sept11.7and8,L78,Pre,2009,Sep,11,NA
C:/Users/MBall/OneDrive - UW/Documents/WADE LAB/SRKW/metadata/Plate3/SRKW_Diet_Plate3_MetaData.csv,33,F09Sept13.1,J36,Pre,2009,Sep,13,NA
C:/Users/MBall/OneDrive - UW/Documents/WADE LAB/SRKW/metadata/Plate3/SRKW_Diet_Plate3_MetaData.csv,34,F09Sept13.2,J1,Pre,2009,Sep,13,NA
C:/Users/MBall/OneDrive - UW/Documents/WADE LAB/SRKW/metadata/Plate3/SRKW_Diet_Plate3_MetaData.csv,35,N09Sept15.12and13,L7,Pre,2009,Sep,15,NA
C:/Users/MBall/OneDrive - UW/Documents/WADE LAB/SRKW/metadata/Plate3/SRKW_Diet_Plate3_MetaData.csv,36,F09Sept20.1a,K12,Pre,2009,Sep,20,NA
C:/Users/MBall/OneDrive - UW/Documents/WADE LAB/SRKW/metadata/Plate3/SRKW_Diet_Plate3_MetaData.csv,37,F09Oct06.1a,L53,Pre,2009,Oct,6,NA
C:/Users/MBall/OneDrive - UW/Documents/WADE LAB/SRKW/metadata/Plate3/SRKW_Diet_Plate3_MetaData.csv,38,F09Oct06.2b,L83,Pre,2009,Oct,6,NA
C:/Users/MBall/OneDrive - UW/Documents/WADE LAB/SRKW/metadata/Plate3/SRKW_Diet_Plate3_MetaData.csv,39,F09Oct09.2,J30,Pre,2009,Oct,9,NA
C:/Users/MBall/OneDrive - UW/Documents/WADE LAB/SRKW/metadata/Plate3/SRKW_Diet_Plate3_MetaData.csv,40,N09Dec8.3,J17,Pre,2009,Dec,8,NA
C:/Users/MBall/OneDrive - UW/Documents/WADE LAB/SRKW/metadata/Plate3/SRKW_Diet_Plate3_MetaData.csv,41,N09Dec8.5,J28,Pre,2009,Dec,8,NA
C:/Users/MBall/OneDrive - UW/Documents/WADE LAB/SRKW/metadata/Plate3/SRKW_Diet_Plate3_MetaData.csv,42,N09Dec10.3,J32,Pre,2009,Dec,10,NA
C:/Users/MBall/OneDrive - UW/Documents/WADE LAB/SRKW/metadata/Plate3/SRKW_Diet_Plate3_MetaData.csv,43,09July13.8a,NA,Pre,2009,Jul,13,NA
C:/Users/MBall/OneDrive - UW/Documents/WADE LAB/SRKW/metadata/Plate3/SRKW_Diet_Plate3_MetaData.csv,44,N09Sept10.3,J36,Pre,2009,Sep,10,NA
C:/Users/MBall/OneDrive - UW/Documents/WADE LAB/SRKW/metadata/Plate3/SRKW_Diet_Plate3_MetaData.csv,45,F10Jul06.1,J26,Pre,2010,Jul,6,NA
C:/Users/MBall/OneDrive - UW/Documents/WADE LAB/SRKW/metadata/Plate3/SRKW_Diet_Plate3_MetaData.csv,46,F10Jul07.4,L7,Pre,2010,Jul,7,NA
C:/Users/MBall/OneDrive - UW/Documents/WADE LAB/SRKW/metadata/Plate3/SRKW_Diet_Plate3_MetaData.csv,47,F10Aug12.4,K40,Pre,2010,Aug,12,NA
C:/Users/MBall/OneDrive - UW/Documents/WADE LAB/SRKW/metadata/Plate3/SRKW_Diet_Plate3_MetaData.csv,48,F10Aug15.2,L2,Pre,2010,Aug,15,NA
C:/Users/MBall/OneDrive - UW/Documents/WADE LAB/SRKW/metadata/Plate3/SRKW_Diet_Plate3_MetaData.csv,49,F10Aug19.1,J2,Pre,2010,Aug,19,NA
C:/Users/MBall/OneDrive - UW/Documents/WADE LAB/SRKW/metadata/Plate3/SRKW_Diet_Plate3_MetaData.csv,50,F10Aug23.2,L89,Pre,2010,Aug,23,NA
C:/Users/MBall/OneDrive - UW/Documents/WADE LAB/SRKW/metadata/Plate3/SRKW_Diet_Plate3_MetaData.csv,51,F10Sept7.3,J28,Pre,2010,Sep,7,NA
C:/Users/MBall/OneDrive - UW/Documents/WADE LAB/SRKW/metadata/Plate3/SRKW_Diet_Plate3_MetaData.csv,52,F10Aug30.2,J16,Pre,2010,Aug,30,NA
C:/Users/MBall/OneDrive - UW/Documents/WADE LAB/SRKW/metadata/Plate3/SRKW_Diet_Plate3_MetaData.csv,53,F10Sept7.2,J38,Pre,2010,Sep,7,NA
C:/Users/MBall/OneDrive - UW/Documents/WADE LAB/SRKW/metadata/Plate3/SRKW_Diet_Plate3_MetaData.csv,54,F10Sept7.4,J16,Pre,2010,Sep,7,NA
C:/Users/MBall/OneDrive - UW/Documents/WADE LAB/SRKW/metadata/Plate3/SRKW_Diet_Plate3_MetaData.csv,55,F10 Sept16.1,K12,Pre,2010,Sep,16,NA
C:/Users/MBall/OneDrive - UW/Documents/WADE LAB/SRKW/metadata/Plate3/SRKW_Diet_Plate3_MetaData.csv,56,F10Sept25.4,L26,Pre,2010,Sep,25,NA
C:/Users/MBall/OneDrive - UW/Documents/WADE LAB/SRKW/metadata/Plate3/SRKW_Diet_Plate3_MetaData.csv,57,F10Aug24.3,NA,Pre,2010,Aug,24,NA
C:/Users/MBall/OneDrive - UW/Documents/WADE LAB/SRKW/metadata/Plate3/SRKW_Diet_Plate3_MetaData.csv,58,F10Sept25.1,NA,Pre,2010,Sep,25,NA
C:/Users/MBall/OneDrive - UW/Documents/WADE LAB/SRKW/metadata/Plate3/SRKW_Diet_Plate3_MetaData.csv,59,F11June20.2,K27,Pre,2011,Jun,20,NA
C:/Users/MBall/OneDrive - UW/Documents/WADE LAB/SRKW/metadata/Plate3/SRKW_Diet_Plate3_MetaData.csv,60,F11June22.1,J2,Pre,2011,Jun,22,NA
C:/Users/MBall/OneDrive - UW/Documents/WADE LAB/SRKW/metadata/Plate3/SRKW_Diet_Plate3_MetaData.csv,61,F11July3.4,K34,Pre,2011,Jul,3,NA
C:/Users/MBall/OneDrive - UW/Documents/WADE LAB/SRKW/metadata/Plate3/SRKW_Diet_Plate3_MetaData.csv,62,F11July7.1,J36,Pre,2011,Jul,7,NA
C:/Users/MBall/OneDrive - UW/Documents/WADE LAB/SRKW/metadata/Plate3/SRKW_Diet_Plate3_MetaData.csv,63,F11July7.3,J34,Pre,2011,Jul,7,NA
C:/Users/MBall/OneDrive - UW/Documents/WADE LAB/SRKW/metadata/Plate3/SRKW_Diet_Plate3_MetaData.csv,64,F11July23.1,L77,Pre,2011,Jul,23,NA
C:/Users/MBall/OneDrive - UW/Documents/WADE LAB/SRKW/metadata/Plate3/SRKW_Diet_Plate3_MetaData.csv,65,F11July26.1,J17,Pre,2011,Jul,26,NA
C:/Users/MBall/OneDrive - UW/Documents/WADE LAB/SRKW/metadata/Plate3/SRKW_Diet_Plate3_MetaData.csv,66,F11July27.2,K25,Pre,2011,Jul,27,NA
C:/Users/MBall/OneDrive - UW/Documents/WADE LAB/SRKW/metadata/Plate3/SRKW_Diet_Plate3_MetaData.csv,67,F11Aug03.1,K13,Pre,2011,Aug,3,NA
C:/Users/MBall/OneDrive - UW/Documents/WADE LAB/SRKW/metadata/Plate3/SRKW_Diet_Plate3_MetaData.csv,68,NegCon,NA,Pre,NA,NA,NA,NA
C:/Users/MBall/OneDrive - UW/Documents/WADE LAB/SRKW/metadata/Plate3/SRKW_Diet_Plate3_MetaData.csv,69,PosCon,MOCK3,Pre,NA,NA,NA,NA
C:/Users/MBall/OneDrive - UW/Documents/WADE LAB/SRKW/metadata/Plate3/SRKW_Diet_Plate3_MetaData.csv,70,F22Sep08.01A,J40,Pre,2022,Sep,8,NA
C:/Users/MBall/OneDrive - UW/Documents/WADE LAB/SRKW/metadata/Plate3/SRKW_Diet_Plate3_MetaData.csv,71,F22Sep08.01A.Clean,J40,Pre,2022,Sep,8,NA
C:/Users/MBall/OneDrive - UW/Documents/WADE LAB/SRKW/metadata/Plate4/SRKW_Diet_Plate4_MetaData.csv,1,F11Aug04_5,L78,NA,2011,Aug,4,NA
C:/Users/MBall/OneDrive - UW/Documents/WADE LAB/SRKW/metadata/Plate4/SRKW_Diet_Plate4_MetaData.csv,2,F11Aug05_3,L106,NA,2011,Aug,5,NA
C:/Users/MBall/OneDrive - UW/Documents/WADE LAB/SRKW/metadata/Plate4/SRKW_Diet_Plate4_MetaData.csv,3,F11Aug16_4,L85,NA,2011,Aug,16,NA
C:/Users/MBall/OneDrive - UW/Documents/WADE LAB/SRKW/metadata/Plate4/SRKW_Diet_Plate4_MetaData.csv,4,F11Aug16_5,L27,NA,2011,Aug,16,NA
C:/Users/MBall/OneDrive - UW/Documents/WADE LAB/SRKW/metadata/Plate4/SRKW_Diet_Plate4_MetaData.csv,5,F11Aug26_3,L90,NA,2011,Aug,26,NA
C:/Users/MBall/OneDrive - UW/Documents/WADE LAB/SRKW/metadata/Plate4/SRKW_Diet_Plate4_MetaData.csv,6,F11Aug27_3,L54,NA,2011,Aug,27,NA
C:/Users/MBall/OneDrive - UW/Documents/WADE LAB/SRKW/metadata/Plate4/SRKW_Diet_Plate4_MetaData.csv,7,F11Sept8_4,K33,NA,2011,Sep,8,NA
C:/Users/MBall/OneDrive - UW/Documents/WADE LAB/SRKW/metadata/Plate4/SRKW_Diet_Plate4_MetaData.csv,8,F11Sept22_1,L85,NA,2011,Sep,22,NA
C:/Users/MBall/OneDrive - UW/Documents/WADE LAB/SRKW/metadata/Plate4/SRKW_Diet_Plate4_MetaData.csv,9,F11Sept2806A,L88,NA,2011,Sep,28,NA
C:/Users/MBall/OneDrive - UW/Documents/WADE LAB/SRKW/metadata/Plate4/SRKW_Diet_Plate4_MetaData.csv,10,F11Sept2808A,J26,NA,2011,Sep,28,NA
C:/Users/MBall/OneDrive - UW/Documents/WADE LAB/SRKW/metadata/Plate4/SRKW_Diet_Plate4_MetaData.csv,11,F11Oct7_1,J2,NA,2011,Oct,7,NA
C:/Users/MBall/OneDrive - UW/Documents/WADE LAB/SRKW/metadata/Plate4/SRKW_Diet_Plate4_MetaData.csv,12,F11Oct21_5,L106,NA,2011,Oct,21,NA
C:/Users/MBall/OneDrive - UW/Documents/WADE LAB/SRKW/metadata/Plate4/SRKW_Diet_Plate4_MetaData.csv,13,F11July22_1,J2,NA,2011,Jul,22,NA
C:/Users/MBall/OneDrive - UW/Documents/WADE LAB/SRKW/metadata/Plate4/SRKW_Diet_Plate4_MetaData.csv,14,F11Aug03_2,K37,NA,2011,Aug,3,NA
C:/Users/MBall/OneDrive - UW/Documents/WADE LAB/SRKW/metadata/Plate4/SRKW_Diet_Plate4_MetaData.csv,15,F11Aug05_1,NA,NA,2011,Aug,5,NA
C:/Users/MBall/OneDrive - UW/Documents/WADE LAB/SRKW/metadata/Plate4/SRKW_Diet_Plate4_MetaData.csv,16,F11Sept29_1,L2,NA,2011,Sep,29,NA
C:/Users/MBall/OneDrive - UW/Documents/WADE LAB/SRKW/metadata/Plate4/SRKW_Diet_Plate4_MetaData.csv,17,F12June8_1,J28,NA,2012,Jun,8,NA
C:/Users/MBall/OneDrive - UW/Documents/WADE LAB/SRKW/metadata/Plate4/SRKW_Diet_Plate4_MetaData.csv,18,F12June15_1,J2,NA,2012,Jun,15,NA
C:/Users/MBall/OneDrive - UW/Documents/WADE LAB/SRKW/metadata/Plate4/SRKW_Diet_Plate4_MetaData.csv,19,F12June21_1,J36,NA,2012,Jun,21,NA
C:/Users/MBall/OneDrive - UW/Documents/WADE LAB/SRKW/metadata/Plate4/SRKW_Diet_Plate4_MetaData.csv,20,F12June21_2,J28,NA,2012,Jun,21,NA
C:/Users/MBall/OneDrive - UW/Documents/WADE LAB/SRKW/metadata/Plate4/SRKW_Diet_Plate4_MetaData.csv,21,F12June24_3,J36,NA,2012,Jun,24,NA
C:/Users/MBall/OneDrive - UW/Documents/WADE LAB/SRKW/metadata/Plate4/SRKW_Diet_Plate4_MetaData.csv,22,F12June25_2,L79,NA,2012,Jun,25,NA
C:/Users/MBall/OneDrive - UW/Documents/WADE LAB/SRKW/metadata/Plate4/SRKW_Diet_Plate4_MetaData.csv,23,F12June30_2,J27,NA,2012,Jun,30,NA
C:/Users/MBall/OneDrive - UW/Documents/WADE LAB/SRKW/metadata/Plate4/SRKW_Diet_Plate4_MetaData.csv,24,F12July2_1,J17,NA,2012,Jul,2,NA
C:/Users/MBall/OneDrive - UW/Documents/WADE LAB/SRKW/metadata/Plate4/SRKW_Diet_Plate4_MetaData.csv,25,F12July10_1,J31,NA,2012,Jul,10,NA
C:/Users/MBall/OneDrive - UW/Documents/WADE LAB/SRKW/metadata/Plate4/SRKW_Diet_Plate4_MetaData.csv,26,F12Aug27_1,L103,NA,2012,Aug,27,NA
C:/Users/MBall/OneDrive - UW/Documents/WADE LAB/SRKW/metadata/Plate4/SRKW_Diet_Plate4_MetaData.csv,27,F12July21_1,K20,NA,2012,Jul,21,NA
C:/Users/MBall/OneDrive - UW/Documents/WADE LAB/SRKW/metadata/Plate4/SRKW_Diet_Plate4_MetaData.csv,28,F12Aug11_1,J39,NA,2012,Aug,11,NA
C:/Users/MBall/OneDrive - UW/Documents/WADE LAB/SRKW/metadata/Plate4/SRKW_Diet_Plate4_MetaData.csv,29,F12Aug11_2,J31,NA,2012,Aug,11,NA
C:/Users/MBall/OneDrive - UW/Documents/WADE LAB/SRKW/metadata/Plate4/SRKW_Diet_Plate4_MetaData.csv,30,F12Aug19_3,J26,NA,2012,Aug,19,NA
C:/Users/MBall/OneDrive - UW/Documents/WADE LAB/SRKW/metadata/Plate4/SRKW_Diet_Plate4_MetaData.csv,31,F12Aug22_2,K34,NA,2012,Aug,22,NA
C:/Users/MBall/OneDrive - UW/Documents/WADE LAB/SRKW/metadata/Plate4/SRKW_Diet_Plate4_MetaData.csv,32,F12Aug22_4,J2,NA,2012,Aug,22,NA
C:/Users/MBall/OneDrive - UW/Documents/WADE LAB/SRKW/metadata/Plate4/SRKW_Diet_Plate4_MetaData.csv,33,F12Aug26_3,K25,NA,2012,Aug,26,NA
C:/Users/MBall/OneDrive - UW/Documents/WADE LAB/SRKW/metadata/Plate4/SRKW_Diet_Plate4_MetaData.csv,34,F12July19_7,J19,NA,2012,Jul,19,NA
C:/Users/MBall/OneDrive - UW/Documents/WADE LAB/SRKW/metadata/Plate4/SRKW_Diet_Plate4_MetaData.csv,35,F12Aug31_5,K12,NA,2012,Aug,31,NA
C:/Users/MBall/OneDrive - UW/Documents/WADE LAB/SRKW/metadata/Plate4/SRKW_Diet_Plate4_MetaData.csv,36,F12Sept16_4,L53,NA,2012,Sep,16,NA
C:/Users/MBall/OneDrive - UW/Documents/WADE LAB/SRKW/metadata/Plate4/SRKW_Diet_Plate4_MetaData.csv,37,F12Sept20_1,K26,NA,2012,Sep,20,NA
C:/Users/MBall/OneDrive - UW/Documents/WADE LAB/SRKW/metadata/Plate4/SRKW_Diet_Plate4_MetaData.csv,38,F12Sept22_5,J39,NA,2012,Sep,22,NA
C:/Users/MBall/OneDrive - UW/Documents/WADE LAB/SRKW/metadata/Plate4/SRKW_Diet_Plate4_MetaData.csv,39,F12Sept23_2,K14,NA,2012,Sep,23,NA
C:/Users/MBall/OneDrive - UW/Documents/WADE LAB/SRKW/metadata/Plate4/SRKW_Diet_Plate4_MetaData.csv,40,F12June25_1,NA,NA,2012,Jun,25,NA
C:/Users/MBall/OneDrive - UW/Documents/WADE LAB/SRKW/metadata/Plate4/SRKW_Diet_Plate4_MetaData.csv,41,F12July11_3,J42,NA,2012,Jul,11,NA
C:/Users/MBall/OneDrive - UW/Documents/WADE LAB/SRKW/metadata/Plate4/SRKW_Diet_Plate4_MetaData.csv,42,F13May31_2,L87,NA,2013,May,31,NA
C:/Users/MBall/OneDrive - UW/Documents/WADE LAB/SRKW/metadata/Plate4/SRKW_Diet_Plate4_MetaData.csv,43,F13May31_4,J26,NA,2013,May,31,NA
C:/Users/MBall/OneDrive - UW/Documents/WADE LAB/SRKW/metadata/Plate4/SRKW_Diet_Plate4_MetaData.csv,44,F13June1_1,L87,NA,2013,Jun,1,NA
C:/Users/MBall/OneDrive - UW/Documents/WADE LAB/SRKW/metadata/Plate4/SRKW_Diet_Plate4_MetaData.csv,45,F13June5_1,J26,NA,2013,Jun,5,NA
C:/Users/MBall/OneDrive - UW/Documents/WADE LAB/SRKW/metadata/Plate4/SRKW_Diet_Plate4_MetaData.csv,46,F13June17_6,L41,NA,2013,Jun,17,NA
C:/Users/MBall/OneDrive - UW/Documents/WADE LAB/SRKW/metadata/Plate4/SRKW_Diet_Plate4_MetaData.csv,47,F13June29_2,L105,NA,2013,Jun,29,NA
C:/Users/MBall/OneDrive - UW/Documents/WADE LAB/SRKW/metadata/Plate4/SRKW_Diet_Plate4_MetaData.csv,48,F13July10_1,J40,NA,2013,Jul,10,NA
C:/Users/MBall/OneDrive - UW/Documents/WADE LAB/SRKW/metadata/Plate4/SRKW_Diet_Plate4_MetaData.csv,49,F13July19_3,L109,NA,2013,Jul,19,NA
C:/Users/MBall/OneDrive - UW/Documents/WADE LAB/SRKW/metadata/Plate4/SRKW_Diet_Plate4_MetaData.csv,50,F13Aug8_2,L100,NA,2013,Aug,8,NA
C:/Users/MBall/OneDrive - UW/Documents/WADE LAB/SRKW/metadata/Plate4/SRKW_Diet_Plate4_MetaData.csv,51,F13Aug9_4,L100,NA,2013,Aug,9,NA
C:/Users/MBall/OneDrive - UW/Documents/WADE LAB/SRKW/metadata/Plate4/SRKW_Diet_Plate4_MetaData.csv,52,F13Aug9_6,L88,NA,2013,Aug,9,NA
C:/Users/MBall/OneDrive - UW/Documents/WADE LAB/SRKW/metadata/Plate4/SRKW_Diet_Plate4_MetaData.csv,53,F13Aug9_7,L100,NA,2013,Aug,9,NA
C:/Users/MBall/OneDrive - UW/Documents/WADE LAB/SRKW/metadata/Plate4/SRKW_Diet_Plate4_MetaData.csv,54,F13Aug10_1,L54,NA,2013,Aug,10,NA
C:/Users/MBall/OneDrive - UW/Documents/WADE LAB/SRKW/metadata/Plate4/SRKW_Diet_Plate4_MetaData.csv,55,F13Aug12_3,L85,NA,2013,Aug,12,NA
C:/Users/MBall/OneDrive - UW/Documents/WADE LAB/SRKW/metadata/Plate4/SRKW_Diet_Plate4_MetaData.csv,56,F13Aug12_4,K25,NA,2013,Aug,12,NA
C:/Users/MBall/OneDrive - UW/Documents/WADE LAB/SRKW/metadata/Plate4/SRKW_Diet_Plate4_MetaData.csv,57,F13Aug18_1,L100,NA,2013,Aug,18,NA
C:/Users/MBall/OneDrive - UW/Documents/WADE LAB/SRKW/metadata/Plate4/SRKW_Diet_Plate4_MetaData.csv,58,F13Aug18_5,L54,NA,2013,Aug,18,NA
C:/Users/MBall/OneDrive - UW/Documents/WADE LAB/SRKW/metadata/Plate4/SRKW_Diet_Plate4_MetaData.csv,59,F13Aug22_1,L90,NA,2013,Aug,22,NA
C:/Users/MBall/OneDrive - UW/Documents/WADE LAB/SRKW/metadata/Plate4/SRKW_Diet_Plate4_MetaData.csv,60,F13Aug25_4,J2,NA,2013,Aug,25,NA
C:/Users/MBall/OneDrive - UW/Documents/WADE LAB/SRKW/metadata/Plate4/SRKW_Diet_Plate4_MetaData.csv,61,F13Sept3_1,J8,NA,2013,Sep,3,NA
C:/Users/MBall/OneDrive - UW/Documents/WADE LAB/SRKW/metadata/Plate4/SRKW_Diet_Plate4_MetaData.csv,62,F13Sept8_1,J26,NA,2013,Sep,8,NA
C:/Users/MBall/OneDrive - UW/Documents/WADE LAB/SRKW/metadata/Plate4/SRKW_Diet_Plate4_MetaData.csv,63,PosCon_3,POS,NA,NA,NA,NA,NA
C:/Users/MBall/OneDrive - UW/Documents/WADE LAB/SRKW/metadata/Plate4/SRKW_Diet_Plate4_MetaData.csv,64,NegCon,NEG,NA,NA,NA,NA,NA
C:/Users/MBall/OneDrive - UW/Documents/WADE LAB/SRKW/metadata/Plate5/SRKW_Diet_Plate5_MetaData.csv,1,F13Sept8.2,K26,NA,2013,Sep,8,NA
C:/Users/MBall/OneDrive - UW/Documents/WADE LAB/SRKW/metadata/Plate5/SRKW_Diet_Plate5_MetaData.csv,2,F13Sept11.5,L103,NA,2013,Sep,11,NA
C:/Users/MBall/OneDrive - UW/Documents/WADE LAB/SRKW/metadata/Plate5/SRKW_Diet_Plate5_MetaData.csv,3,F13Sept19.1,K21,NA,2013,Sep,19,NA
C:/Users/MBall/OneDrive - UW/Documents/WADE LAB/SRKW/metadata/Plate5/SRKW_Diet_Plate5_MetaData.csv,4,F13Sept25.3,J2,NA,2013,Sep,25,NA
C:/Users/MBall/OneDrive - UW/Documents/WADE LAB/SRKW/metadata/Plate5/SRKW_Diet_Plate5_MetaData.csv,5,F13Sept26.1,L90,NA,2013,Sep,26,NA
C:/Users/MBall/OneDrive - UW/Documents/WADE LAB/SRKW/metadata/Plate5/SRKW_Diet_Plate5_MetaData.csv,6,F13Oct2.1,J36,NA,2013,Oct,2,NA
C:/Users/MBall/OneDrive - UW/Documents/WADE LAB/SRKW/metadata/Plate5/SRKW_Diet_Plate5_MetaData.csv,7,F13Oct2.2,J28,NA,2013,Oct,2,NA
C:/Users/MBall/OneDrive - UW/Documents/WADE LAB/SRKW/metadata/Plate5/SRKW_Diet_Plate5_MetaData.csv,8,F13Aug9.3,L108,NA,2013,Aug,9,NA
C:/Users/MBall/OneDrive - UW/Documents/WADE LAB/SRKW/metadata/Plate5/SRKW_Diet_Plate5_MetaData.csv,9,F14June02.01,J40,NA,2014,Jun,2,NA
C:/Users/MBall/OneDrive - UW/Documents/WADE LAB/SRKW/metadata/Plate5/SRKW_Diet_Plate5_MetaData.csv,10,F14June05.02,J19,NA,2014,Jun,5,NA
C:/Users/MBall/OneDrive - UW/Documents/WADE LAB/SRKW/metadata/Plate5/SRKW_Diet_Plate5_MetaData.csv,11,F14June23.01,J35f,NA,2014,Jun,23,NA
C:/Users/MBall/OneDrive - UW/Documents/WADE LAB/SRKW/metadata/Plate5/SRKW_Diet_Plate5_MetaData.csv,12,F14July01.01A,L115,NA,2014,Jul,1,NA
C:/Users/MBall/OneDrive - UW/Documents/WADE LAB/SRKW/metadata/Plate5/SRKW_Diet_Plate5_MetaData.csv,13,F14July07.01,J31,NA,2014,Jul,7,NA
C:/Users/MBall/OneDrive - UW/Documents/WADE LAB/SRKW/metadata/Plate5/SRKW_Diet_Plate5_MetaData.csv,14,F14July15.01,K13,NA,2014,Jul,15,NA
C:/Users/MBall/OneDrive - UW/Documents/WADE LAB/SRKW/metadata/Plate5/SRKW_Diet_Plate5_MetaData.csv,15,F14July15.02,J28,NA,2014,Jul,15,NA
C:/Users/MBall/OneDrive - UW/Documents/WADE LAB/SRKW/metadata/Plate5/SRKW_Diet_Plate5_MetaData.csv,16,F14Aug09.03,J34,NA,2014,Aug,9,NA
C:/Users/MBall/OneDrive - UW/Documents/WADE LAB/SRKW/metadata/Plate5/SRKW_Diet_Plate5_MetaData.csv,17,F14Aug09.04,K25,NA,2014,Aug,9,NA
C:/Users/MBall/OneDrive - UW/Documents/WADE LAB/SRKW/metadata/Plate5/SRKW_Diet_Plate5_MetaData.csv,18,F14Aug24.01,K33,NA,2014,Aug,24,NA
C:/Users/MBall/OneDrive - UW/Documents/WADE LAB/SRKW/metadata/Plate5/SRKW_Diet_Plate5_MetaData.csv,19,F14Aug24.04,K14-f,NA,2014,Aug,24,NA
C:/Users/MBall/OneDrive - UW/Documents/WADE LAB/SRKW/metadata/Plate5/SRKW_Diet_Plate5_MetaData.csv,20,F14Oct01.01,J27,NA,2014,Oct,1,NA
C:/Users/MBall/OneDrive - UW/Documents/WADE LAB/SRKW/metadata/Plate5/SRKW_Diet_Plate5_MetaData.csv,21,F14Oct05.03,K26-f,NA,2014,Oct,5,NA
C:/Users/MBall/OneDrive - UW/Documents/WADE LAB/SRKW/metadata/Plate5/SRKW_Diet_Plate5_MetaData.csv,22,F14July21.03,J44,NA,2014,Jul,21,NA
C:/Users/MBall/OneDrive - UW/Documents/WADE LAB/SRKW/metadata/Plate5/SRKW_Diet_Plate5_MetaData.csv,23,F16July12.3,J46,NA,2016,Jul,12,NA
C:/Users/MBall/OneDrive - UW/Documents/WADE LAB/SRKW/metadata/Plate5/SRKW_Diet_Plate5_MetaData.csv,24,F16July20.1,L25,NA,2016,Jul,20,NA
C:/Users/MBall/OneDrive - UW/Documents/WADE LAB/SRKW/metadata/Plate5/SRKW_Diet_Plate5_MetaData.csv,25,F16Aug20.1A,K25,NA,2016,Aug,20,NA
C:/Users/MBall/OneDrive - UW/Documents/WADE LAB/SRKW/metadata/Plate5/SRKW_Diet_Plate5_MetaData.csv,26,F16Sept14.1,K42,NA,2016,Sep,14,NA
C:/Users/MBall/OneDrive - UW/Documents/WADE LAB/SRKW/metadata/Plate5/SRKW_Diet_Plate5_MetaData.csv,27,F16Sept19.2A,L85,NA,2016,Sep,19,NA
C:/Users/MBall/OneDrive - UW/Documents/WADE LAB/SRKW/metadata/Plate5/SRKW_Diet_Plate5_MetaData.csv,28,F16Sept19.3,L88,NA,2016,Sep,19,NA
C:/Users/MBall/OneDrive - UW/Documents/WADE LAB/SRKW/metadata/Plate5/SRKW_Diet_Plate5_MetaData.csv,29,F16July15.01,NA,NA,2016,Jul,15,NA
C:/Users/MBall/OneDrive - UW/Documents/WADE LAB/SRKW/metadata/Plate5/SRKW_Diet_Plate5_MetaData.csv,30,NOAA2016way,J44,NA,2016,NA,NA,NA
C:/Users/MBall/OneDrive - UW/Documents/WADE LAB/SRKW/metadata/Plate5/SRKW_Diet_Plate5_MetaData.csv,31,F17June25.1A,J31,NA,2017,Jun,25,NA
C:/Users/MBall/OneDrive - UW/Documents/WADE LAB/SRKW/metadata/Plate5/SRKW_Diet_Plate5_MetaData.csv,32,F17May31.02A,J35,NA,2017,May,31,NA
C:/Users/MBall/OneDrive - UW/Documents/WADE LAB/SRKW/metadata/Plate5/SRKW_Diet_Plate5_MetaData.csv,33,FY17May?,J36,NA,2017,May,NA,NA
C:/Users/MBall/OneDrive - UW/Documents/WADE LAB/SRKW/metadata/Plate5/SRKW_Diet_Plate5_MetaData.csv,34,F18Aug11.1,J26,NA,2018,Aug,11,NA
C:/Users/MBall/OneDrive - UW/Documents/WADE LAB/SRKW/metadata/Plate5/SRKW_Diet_Plate5_MetaData.csv,35,F18Aug18.1A,J27,NA,2018,Aug,18,NA
C:/Users/MBall/OneDrive - UW/Documents/WADE LAB/SRKW/metadata/Plate5/SRKW_Diet_Plate5_MetaData.csv,36,F18Jul13.1,J44,NA,2018,Jul,13,NA
C:/Users/MBall/OneDrive - UW/Documents/WADE LAB/SRKW/metadata/Plate5/SRKW_Diet_Plate5_MetaData.csv,37,F18Jul13.2,J31,NA,2018,Jul,13,NA
C:/Users/MBall/OneDrive - UW/Documents/WADE LAB/SRKW/metadata/Plate5/SRKW_Diet_Plate5_MetaData.csv,38,F18Jul15.1A,J16,NA,2018,Jul,15,NA
C:/Users/MBall/OneDrive - UW/Documents/WADE LAB/SRKW/metadata/Plate5/SRKW_Diet_Plate5_MetaData.csv,39,F18Jul15.2,J44,NA,2018,Jul,15,NA
C:/Users/MBall/OneDrive - UW/Documents/WADE LAB/SRKW/metadata/Plate5/SRKW_Diet_Plate5_MetaData.csv,40,F18Jul15.5,J53,NA,2018,Jul,15,NA
C:/Users/MBall/OneDrive - UW/Documents/WADE LAB/SRKW/metadata/Plate5/SRKW_Diet_Plate5_MetaData.csv,41,F18Jul27,J46,NA,2018,Jul,27,NA
C:/Users/MBall/OneDrive - UW/Documents/WADE LAB/SRKW/metadata/Plate5/SRKW_Diet_Plate5_MetaData.csv,42,F18Jul30.1,J44,NA,2018,Jul,30,NA
C:/Users/MBall/OneDrive - UW/Documents/WADE LAB/SRKW/metadata/Plate5/SRKW_Diet_Plate5_MetaData.csv,43,F18Jun20.1,J49,NA,2018,Jun,20,NA
C:/Users/MBall/OneDrive - UW/Documents/WADE LAB/SRKW/metadata/Plate5/SRKW_Diet_Plate5_MetaData.csv,44,F18Sept17.1,J42,NA,2018,Sep,17,NA
C:/Users/MBall/OneDrive - UW/Documents/WADE LAB/SRKW/metadata/Plate5/SRKW_Diet_Plate5_MetaData.csv,45,F18Sept23.1,J16,NA,2018,Sep,23,NA
C:/Users/MBall/OneDrive - UW/Documents/WADE LAB/SRKW/metadata/Plate5/SRKW_Diet_Plate5_MetaData.csv,46,F18Sept25.1A,L87,NA,2018,Sep,25,NA
C:/Users/MBall/OneDrive - UW/Documents/WADE LAB/SRKW/metadata/Plate5/SRKW_Diet_Plate5_MetaData.csv,47,F19Aug15.01A,J19,NA,2019,Aug,15,NA
C:/Users/MBall/OneDrive - UW/Documents/WADE LAB/SRKW/metadata/Plate5/SRKW_Diet_Plate5_MetaData.csv,48,F19Aug16.01A,J42,NA,2019,Aug,16,NA
C:/Users/MBall/OneDrive - UW/Documents/WADE LAB/SRKW/metadata/Plate5/SRKW_Diet_Plate5_MetaData.csv,49,F19Aug16.02A,J36,NA,2019,Aug,16,NA
C:/Users/MBall/OneDrive - UW/Documents/WADE LAB/SRKW/metadata/Plate5/SRKW_Diet_Plate5_MetaData.csv,50,F19Aug17.01A,J44,NA,2019,Aug,17,NA
C:/Users/MBall/OneDrive - UW/Documents/WADE LAB/SRKW/metadata/Plate5/SRKW_Diet_Plate5_MetaData.csv,51,F19Aug17.02A,J40,NA,2019,Aug,17,NA
C:/Users/MBall/OneDrive - UW/Documents/WADE LAB/SRKW/metadata/Plate5/SRKW_Diet_Plate5_MetaData.csv,52,F19Aug20.02A,J37,NA,2019,Aug,20,NA
C:/Users/MBall/OneDrive - UW/Documents/WADE LAB/SRKW/metadata/Plate5/SRKW_Diet_Plate5_MetaData.csv,53,F19Aug29.01A,J37,NA,2019,Aug,29,NA
C:/Users/MBall/OneDrive - UW/Documents/WADE LAB/SRKW/metadata/Plate5/SRKW_Diet_Plate5_MetaData.csv,54,F19Aug31.02A,J45,NA,2019,Aug,31,NA
C:/Users/MBall/OneDrive - UW/Documents/WADE LAB/SRKW/metadata/Plate5/SRKW_Diet_Plate5_MetaData.csv,55,F19Sep21.01A,L118,NA,2019,Sep,21,NA
C:/Users/MBall/OneDrive - UW/Documents/WADE LAB/SRKW/metadata/Plate5/SRKW_Diet_Plate5_MetaData.csv,56,F19Sep30.01A,J37,NA,2019,Sep,30,NA
C:/Users/MBall/OneDrive - UW/Documents/WADE LAB/SRKW/metadata/Plate5/SRKW_Diet_Plate5_MetaData.csv,57,F19Sep30.02A,J40,NA,2019,Sep,30,NA
C:/Users/MBall/OneDrive - UW/Documents/WADE LAB/SRKW/metadata/Plate5/SRKW_Diet_Plate5_MetaData.csv,58,F19Jul05.01A,J46,NA,2019,Jul,5,NA
C:/Users/MBall/OneDrive - UW/Documents/WADE LAB/SRKW/metadata/Plate5/SRKW_Diet_Plate5_MetaData.csv,59,F19Jul05.02A,K22,NA,2019,Jul,5,NA
C:/Users/MBall/OneDrive - UW/Documents/WADE LAB/SRKW/metadata/Plate5/SRKW_Diet_Plate5_MetaData.csv,60,F19Aug26.02A,J22,NA,2019,Aug,26,NA
C:/Users/MBall/OneDrive - UW/Documents/WADE LAB/SRKW/metadata/Plate5/SRKW_Diet_Plate5_MetaData.csv,61,F19Sept05.01A,J45,NA,2019,Sep,5,NA
C:/Users/MBall/OneDrive - UW/Documents/WADE LAB/SRKW/metadata/Plate5/SRKW_Diet_Plate5_MetaData.csv,62,F19Sep21.02A,L72,NA,2019,Sep,21,NA
C:/Users/MBall/OneDrive - UW/Documents/WADE LAB/SRKW/metadata/Plate5/SRKW_Diet_Plate5_MetaData.csv,63,F20Feb26.04A,J19,NA,2020,Feb,26,NA
C:/Users/MBall/OneDrive - UW/Documents/WADE LAB/SRKW/metadata/Plate5/SRKW_Diet_Plate5_MetaData.csv,64,F20July06.01A,J19,NA,2020,Jul,6,NA
C:/Users/MBall/OneDrive - UW/Documents/WADE LAB/SRKW/metadata/Plate5/SRKW_Diet_Plate5_MetaData.csv,65,F20July13.02A,J16,NA,2020,Jul,13,NA
C:/Users/MBall/OneDrive - UW/Documents/WADE LAB/SRKW/metadata/Plate5/SRKW_Diet_Plate5_MetaData.csv,66,F20July14.01A,J47,NA,2020,Jul,14,NA
C:/Users/MBall/OneDrive - UW/Documents/WADE LAB/SRKW/metadata/Plate5/SRKW_Diet_Plate5_MetaData.csv,67,PosCon_5,NA,NA,NA,NA,NA,NA
C:/Users/MBall/OneDrive - UW/Documents/WADE LAB/SRKW/metadata/Plate5/SRKW_Diet_Plate5_MetaData.csv,68,NegCon,NA,NA,NA,NA,NA,NA
