Sample_ID,Description,index,I7_Index_ID,index2,I5_Index_ID,Sample_Project,Sample_Plate,Sample_Well
2007Sept11_02A,,AGCGCTAG,AGCGCTAG,GTGCGATA,GTGCGATA,,SRKW_Diet_3,A01
2007Nov05_07B,,AGCGCTAG,AGCGCTAG,ACATAGCG,ACATAGCG,,SRKW_Diet_3,B01
43,,AGCGCTAG,AGCGCTAG,GAACATAC,GAACATAC,,SRKW_Diet_3,C01
48,,AGCGCTAG,AGCGCTAG,AGGTGCGT,AGGTGCGT,,SRKW_Diet_3,D01
53,,AGCGCTAG,AGCGCTAG,TATGAGTA,TATGAGTA,,SRKW_Diet_3,E01
54,,AGCGCTAG,AGCGCTAG,CGCAGACG,CGCAGACG,,SRKW_Diet_3,F01
2007Sept6_10B,,AGCGCTAG,AGCGCTAG,GATATCGA,GATATCGA,,SRKW_Diet_3,G01
57,,AGCGCTAG,AGCGCTAG,AGCGCTAG,AGCGCTAG,,SRKW_Diet_3,H01
F08MAY22_1,,GATATCGA,GATATCGA,GTGCGATA,GTGCGATA,,SRKW_Diet_3,A02
F08May28_2,,GATATCGA,GATATCGA,ACATAGCG,ACATAGCG,,SRKW_Diet_3,B02
F08July06_2,,GATATCGA,GATATCGA,GAACATAC,GAACATAC,,SRKW_Diet_3,C02
F08Aug4_2,,GATATCGA,GATATCGA,AGGTGCGT,AGGTGCGT,,SRKW_Diet_3,D02
F08Aug7_1,,GATATCGA,GATATCGA,TATGAGTA,TATGAGTA,,SRKW_Diet_3,E02
F08Aug30_1,,GATATCGA,GATATCGA,CGCAGACG,CGCAGACG,,SRKW_Diet_3,F02
F08Aug30_2a,,GATATCGA,GATATCGA,GATATCGA,GATATCGA,,SRKW_Diet_3,G02
08Dec2_7,,GATATCGA,GATATCGA,AGCGCTAG,AGCGCTAG,,SRKW_Diet_3,H02
F08June30_2,,CGCAGACG,CGCAGACG,GTGCGATA,GTGCGATA,,SRKW_Diet_3,A03
F08July20_6,,CGCAGACG,CGCAGACG,ACATAGCG,ACATAGCG,,SRKW_Diet_3,B03
09May15_12B,,CGCAGACG,CGCAGACG,GAACATAC,GAACATAC,,SRKW_Diet_3,C03
09May15_14B,,CGCAGACG,CGCAGACG,AGGTGCGT,AGGTGCGT,,SRKW_Diet_3,D03
09May15_15B,,CGCAGACG,CGCAGACG,TATGAGTA,TATGAGTA,,SRKW_Diet_3,E03
F09July21_2,,CGCAGACG,CGCAGACG,CGCAGACG,CGCAGACG,,SRKW_Diet_3,F03
F09July21_3a,,CGCAGACG,CGCAGACG,GATATCGA,GATATCGA,,SRKW_Diet_3,G03
F09July23_1,,CGCAGACG,CGCAGACG,AGCGCTAG,AGCGCTAG,,SRKW_Diet_3,H03
F09July28_10b_No,,TATGAGTA,TATGAGTA,GTGCGATA,GTGCGATA,,SRKW_Diet_3,A04
09July29_1b,,TATGAGTA,TATGAGTA,ACATAGCG,ACATAGCG,,SRKW_Diet_3,B04
09July29_3b,,TATGAGTA,TATGAGTA,GAACATAC,GAACATAC,,SRKW_Diet_3,C04
09July29_6b,,TATGAGTA,TATGAGTA,AGGTGCGT,AGGTGCGT,,SRKW_Diet_3,D04
F09Aug8_1b_No_tha,,TATGAGTA,TATGAGTA,TATGAGTA,TATGAGTA,,SRKW_Diet_3,E04
N09Sept10_9,,TATGAGTA,TATGAGTA,CGCAGACG,CGCAGACG,,SRKW_Diet_3,F04
F09Sept11_2a,,TATGAGTA,TATGAGTA,GATATCGA,GATATCGA,,SRKW_Diet_3,G04
N09Sept11_7and8,,TATGAGTA,TATGAGTA,AGCGCTAG,AGCGCTAG,,SRKW_Diet_3,H04
F09Sept13_1,,AGGTGCGT,AGGTGCGT,GTGCGATA,GTGCGATA,,SRKW_Diet_3,A05
F09Sept13_2,,AGGTGCGT,AGGTGCGT,ACATAGCG,ACATAGCG,,SRKW_Diet_3,B05
N09Sept15_12and13,,AGGTGCGT,AGGTGCGT,GAACATAC,GAACATAC,,SRKW_Diet_3,C05
F09Sept20_1a,,AGGTGCGT,AGGTGCGT,AGGTGCGT,AGGTGCGT,,SRKW_Diet_3,D05
F09Oct06_1a,,AGGTGCGT,AGGTGCGT,TATGAGTA,TATGAGTA,,SRKW_Diet_3,E05
F09Oct06_2b,,AGGTGCGT,AGGTGCGT,CGCAGACG,CGCAGACG,,SRKW_Diet_3,F05
F09Oct09_2,,AGGTGCGT,AGGTGCGT,GATATCGA,GATATCGA,,SRKW_Diet_3,G05
N09Dec8_3,,AGGTGCGT,AGGTGCGT,AGCGCTAG,AGCGCTAG,,SRKW_Diet_3,H05
N09Dec8_5,,GAACATAC,GAACATAC,GTGCGATA,GTGCGATA,,SRKW_Diet_3,A06
N09Dec10_3,,GAACATAC,GAACATAC,ACATAGCG,ACATAGCG,,SRKW_Diet_3,B06
09July13_8a,,GAACATAC,GAACATAC,GAACATAC,GAACATAC,,SRKW_Diet_3,C06
N09Sept10_3,,GAACATAC,GAACATAC,AGGTGCGT,AGGTGCGT,,SRKW_Diet_3,D06
F10Jul06_1,,GAACATAC,GAACATAC,TATGAGTA,TATGAGTA,,SRKW_Diet_3,E06
F10Jul07_4,,GAACATAC,GAACATAC,CGCAGACG,CGCAGACG,,SRKW_Diet_3,F06
F10Aug12_4,,GAACATAC,GAACATAC,GATATCGA,GATATCGA,,SRKW_Diet_3,G06
F10Aug15_2,,GAACATAC,GAACATAC,AGCGCTAG,AGCGCTAG,,SRKW_Diet_3,H06
F10Aug19_1,,ACATAGCG,ACATAGCG,GTGCGATA,GTGCGATA,,SRKW_Diet_3,A07
F10Aug23_2,,ACATAGCG,ACATAGCG,ACATAGCG,ACATAGCG,,SRKW_Diet_3,B07
F10Sept7_3,,ACATAGCG,ACATAGCG,GAACATAC,GAACATAC,,SRKW_Diet_3,C07
F10Aug30_2,,ACATAGCG,ACATAGCG,AGGTGCGT,AGGTGCGT,,SRKW_Diet_3,D07
F10Sept7_2,,ACATAGCG,ACATAGCG,TATGAGTA,TATGAGTA,,SRKW_Diet_3,E07
F10Sept7_4,,ACATAGCG,ACATAGCG,CGCAGACG,CGCAGACG,,SRKW_Diet_3,F07
F10Sept16_1,,ACATAGCG,ACATAGCG,GATATCGA,GATATCGA,,SRKW_Diet_3,G07
F10Sept25_4,,ACATAGCG,ACATAGCG,AGCGCTAG,AGCGCTAG,,SRKW_Diet_3,H07
F10Aug24_3,,GTGCGATA,GTGCGATA,GTGCGATA,GTGCGATA,,SRKW_Diet_3,A08
F10Sept25_1,,GTGCGATA,GTGCGATA,ACATAGCG,ACATAGCG,,SRKW_Diet_3,B08
F11June20_2,,GTGCGATA,GTGCGATA,GAACATAC,GAACATAC,,SRKW_Diet_3,C08
F11June22_1,,GTGCGATA,GTGCGATA,AGGTGCGT,AGGTGCGT,,SRKW_Diet_3,D08
F11July3_4,,GTGCGATA,GTGCGATA,TATGAGTA,TATGAGTA,,SRKW_Diet_3,E08
F11July7_1,,GTGCGATA,GTGCGATA,CGCAGACG,CGCAGACG,,SRKW_Diet_3,F08
F11July7_3,,GTGCGATA,GTGCGATA,GATATCGA,GATATCGA,,SRKW_Diet_3,G08
F11July23_1,,GTGCGATA,GTGCGATA,AGCGCTAG,AGCGCTAG,,SRKW_Diet_3,H08
F11July26_1,,CCAACAGA,CCAACAGA,GTGCGATA,GTGCGATA,,SRKW_Diet_3,A09
F11July27_2,,CCAACAGA,CCAACAGA,ACATAGCG,ACATAGCG,,SRKW_Diet_3,B09
F11Aug03_1,,CCAACAGA,CCAACAGA,GAACATAC,GAACATAC,,SRKW_Diet_3,C09
NegCon,,CCAACAGA,CCAACAGA,AGGTGCGT,AGGTGCGT,,SRKW_Diet_3,D09
PosCon,,CCAACAGA,CCAACAGA,TATGAGTA,TATGAGTA,,SRKW_Diet_3,E09
F22Sep08_01A,,CCAACAGA,CCAACAGA,CGCAGACG,CGCAGACG,,SRKW_Diet_3,F09
F22Sep08_01A_Clean,,CCAACAGA,CCAACAGA,GATATCGA,GATATCGA,,SRKW_Diet_3,G09
